[1,["8cRHgv5OJMRKvuOIzFJwC3@f9941","8cRHgv5OJMRKvuOIzFJwC3@6c48a"],["node","root","data","_spriteFrame","_textureSource"],[["cc.BoxCollider2D",["_group","_sensor","node","__prefab","_size"],1,1,4,5],"cc.SpriteFrame",["cc.Prefab",["_name"],2],["cc.Node",["_name","_layer","_components","_prefab","_lscale"],1,9,4,5],["cc.UITransform",["node","__prefab","_contentSize"],3,1,4,5],["cc.CompPrefabInfo",["fileId"],2],["cc.Sprite",["node","__prefab","_spriteFrame"],3,1,4,6],["4b3caAXUuJNGL7Xa6Nf2hkq",["velocidad","node","__prefab"],2,1,4],["cc.RigidBody2D",["enabledContactListener","_group","_gravityScale","node","__prefab"],0,1,4],["cc.PrefabInfo",["fileId","instance","targetOverrides","nestedPrefabInstanceRoots","root","asset"],-1,1,1]],[[5,0,2],[2,0,2],[3,0,1,2,3,4,3],[4,0,1,2,1],[6,0,1,2,1],[7,0,1,2,2],[8,0,1,2,3,4,4],[0,0,2,3,4,2],[0,0,1,2,3,4,3],[9,0,1,2,3,4,5,5]],[[[[1,"corazon"],[2,"corazon",33554432,[[3,-2,[0,"111CwwS15BKpnAjn9L3/S5"],[5,64,49]],[4,-3,[0,"ceMFRreAhMSIRbDD7gI1AK"],0],[5,18,-4,[0,"c3ESUriQpHNZgkvoRndH//"]],[6,true,128,4,-5,[0,"84AGcBmOJMKJMIPL/wd9F0"]],[7,128,-6,[0,"a0XGEeUrNH06ulD2y37miE"],[5,64,49]],[8,128,true,-7,[0,"f506CeOCxKnKZFtexoH815"],[5,80,80]]],[9,"95RXmw0c1GV49/FAQkgYaL",null,null,null,-1,0],[1,0.8,0.8,1]]],0,[0,1,1,0,0,1,0,0,1,0,0,1,0,0,1,0,0,1,0,0,1,0,2,1,7],[0],[3],[0]],[[{"name":"corazon","rect":{"x":0,"y":8,"width":64,"height":49},"offset":{"x":0,"y":-0.5},"originalSize":{"width":64,"height":64},"rotated":false,"capInsets":[0,0,0,0],"vertices":{"rawPosition":[-32,-24.5,0,32,-24.5,0,-32,24.5,0,32,24.5,0],"indexes":[0,1,2,2,1,3],"uv":[0,56,64,56,0,7,64,7],"nuv":[0,0.109375,1,0.109375,0,0.875,1,0.875],"minPos":{"x":-32,"y":-24.5,"z":0},"maxPos":{"x":32,"y":24.5,"z":0}},"packable":true,"pixelsToUnit":100,"pivot":{"x":0.5,"y":0.5},"meshType":0}],[1],0,[0],[4],[1]]]]
