[1,["5dXRUMMHFJW7JubB16nq8D@f9941","37wkZ+7QtHp7pedpiS39Jp@6c48a","5dXRUMMHFJW7JubB16nq8D@6c48a","70EI2HjFBAnZ/tvy1u5KF7@6c48a","95EkngnxZFbYuFpsqVTaFr@6c48a","86MM5TO5tKh7uRGT+JOSZv@f9941","1bPhAlUApBTrKyMS+6JzFE@f9941","3a7vYiVv5MK5BtBhKhKyGU@f9941","bav+1AlqRIeLJDF06/UEBU","37wkZ+7QtHp7pedpiS39Jp@f9941","70EI2HjFBAnZ/tvy1u5KF7@f9941","95EkngnxZFbYuFpsqVTaFr@f9941","86FFSnMoRGuZEMLsGLTXLI"],["node","_textureSource","_spriteFrame","_cameraComponent","_target","target","root","scene","_parent","asset","_normalSprite","_hoverSprite","_pressedSprite","_disabledSprite","_font"],["cc.SpriteFrame",["cc.Node",["_name","_layer","_id","_objFlags","__editorExtras__","_components","_lpos","_parent","_children","_lscale","_prefab"],-2,9,5,1,2,5,4],["cc.Sprite",["_type","node","_spriteFrame"],2,1,6],["cc.SceneAsset",["_name"],2],["cc.Node",["_name","_parent","_components","_lpos"],2,1,2,5],["cc.UITransform",["node","_contentSize"],3,1,5],["cc.Canvas",["node","_cameraComponent"],3,1,1],["cc.Widget",["_alignFlags","_top","_bottom","node"],0,1],["cc.Button",["_transition","node","clickEvents","_normalColor","_target","_normalSprite","_hoverSprite","_pressedSprite","_disabledSprite"],2,1,9,5,1,6,6,6,6],["cc.ClickEvent",["_componentId","handler","target"],1,1],["8da27kUvbxLvIyFkYjUVZ05",["name2","node"],2,1],["cc.TargetInfo",["localID"],2],["cc.PrefabInfo",["fileId","targetOverrides","nestedPrefabInstanceRoots","root","instance","asset"],0,1,4,6],["cc.PrefabInfo",["root","asset","fileId","instance","targetOverrides","nestedPrefabInstanceRoots"],-2,2],["cc.PrefabInstance",["fileId","prefabRootNode","propertyOverrides"],1,9],["CCPropertyOverrideInfo",["value","propertyPath","targetInfo"],1,1],["CCPropertyOverrideInfo",["propertyPath","targetInfo","value"],2,1,8],["cc.Label",["_string","_actualFontSize","_fontSize","_lineHeight","_isSystemFontUsed","_isBold","_enableOutline","_outlineWidth","node","_outlineColor","_font"],-5,1,5,6],["cc.Scene",["_name","_children","_prefab","_globals"],2,2,4,4],["cc.SceneGlobals",["ambient","shadows","_skybox","fog","octree","skin","lightProbeInfo","postSettings"],3,4,4,4,4,4,4,4,4],["cc.AmbientInfo",["_skyColorHDR","_groundAlbedoHDR"],3,5,5],["cc.ShadowsInfo",["_shadowColor","_size"],3,5,5],["cc.SkyboxInfo",[],3],["cc.FogInfo",[],3],["cc.OctreeInfo",[],3],["cc.SkinInfo",["_enabled"],2],["cc.LightProbeInfo",[],3],["cc.PostSettingsInfo",[],3],["cc.Camera",["_projection","_orthoHeight","_near","_far","_visibility","node","_color"],-2,1,5]],[[5,0,1,1],[1,0,1,7,5,6,9,3],[2,1,2,1],[16,0,1,2,2],[1,0,1,7,5,6,3],[3,0,2],[1,0,1,2,8,5,6,4],[1,3,4,7,10,3],[4,0,1,2,3,2],[6,0,1,1],[7,0,1,2,3,4],[2,0,1,2,2],[8,0,1,2,3,4,5,6,7,8,2],[9,0,1,2,3],[10,0,1,2],[11,0,2],[12,0,1,2,3,4,5,4],[13,0,1,2,3,4,5,6],[14,0,1,2,3],[15,0,1,2,3],[17,0,1,2,3,4,5,6,7,8,9,10,9],[18,0,1,2,3,2],[19,0,1,2,3,4,5,6,7,1],[20,0,1,1],[21,0,1,1],[22,1],[23,1],[24,1],[25,0,2],[26,1],[27,1],[28,0,1,2,3,4,5,6,6]],[[[{"name":"Btn_01 (2)","rect":{"x":0,"y":0,"width":745,"height":321},"offset":{"x":-0.5,"y":0},"originalSize":{"width":746,"height":321},"rotated":false,"capInsets":[0,0,0,0],"vertices":{"rawPosition":[-372.5,-160.5,0,372.5,-160.5,0,-372.5,160.5,0,372.5,160.5,0],"indexes":[0,1,2,2,1,3],"uv":[0,321,745,321,0,0,745,0],"nuv":[0,0,0.9986595174262735,0,0,1,0.9986595174262735,1],"minPos":{"x":-372.5,"y":-160.5,"z":0},"maxPos":{"x":372.5,"y":160.5,"z":0}},"packable":true,"pixelsToUnit":100,"pivot":{"x":0.5,"y":0.5},"meshType":0}],[0],0,[0],[1],[1]],[[{"name":"Btn_00 (2)","rect":{"x":0,"y":0,"width":746,"height":320},"offset":{"x":0,"y":0.5},"originalSize":{"width":746,"height":321},"rotated":false,"capInsets":[0,0,0,0],"vertices":{"rawPosition":[-373,-160,0,373,-160,0,-373,160,0,373,160,0],"indexes":[0,1,2,2,1,3],"uv":[0,321,746,321,0,1,746,1],"nuv":[0,0.003115264797507788,1,0.003115264797507788,0,1,1,1],"minPos":{"x":-373,"y":-160,"z":0},"maxPos":{"x":373,"y":160,"z":0}},"packable":true,"pixelsToUnit":100,"pivot":{"x":0.5,"y":0.5},"meshType":0}],[0],0,[0],[1],[2]],[[{"name":"Btn_02 (2)","rect":{"x":0,"y":9,"width":746,"height":312},"offset":{"x":0,"y":-4.5},"originalSize":{"width":746,"height":321},"rotated":false,"capInsets":[0,0,0,0],"vertices":{"rawPosition":[-373,-156,0,373,-156,0,-373,156,0,373,156,0],"indexes":[0,1,2,2,1,3],"uv":[0,312,746,312,0,0,746,0],"nuv":[0,0,1,0,0,0.9719626168224299,1,0.9719626168224299],"minPos":{"x":-373,"y":-156,"z":0},"maxPos":{"x":373,"y":156,"z":0}},"packable":true,"pixelsToUnit":100,"pivot":{"x":0.5,"y":0.5},"meshType":0}],[0],0,[0],[1],[3]],[[{"name":"default_btn_disabled","rect":{"x":0,"y":0,"width":40,"height":40},"offset":{"x":0,"y":0},"originalSize":{"width":40,"height":40},"rotated":false,"capInsets":[12,12,12,12],"vertices":{"rawPosition":[-20,-20,0,20,-20,0,-20,20,0,20,20,0],"indexes":[0,1,2,2,1,3],"uv":[0,40,40,40,0,0,40,0],"nuv":[0,0,1,0,0,1,1,1],"minPos":{"x":-20,"y":-20,"z":0},"maxPos":{"x":20,"y":20,"z":0}},"packable":true,"pixelsToUnit":100,"pivot":{"x":0.5,"y":0.5},"meshType":0}],[0],0,[0],[1],[4]],[[[5,"Inicio"],[6,"Canvas",33554432,"7baM7TK91G3q4yNMTTPnHs",[-5,-6,-7,-8,-9,-10,-11],[[0,-1,[5,1920.0000000000002,1080]],[9,-3,-2],[10,45,5.684341886080802e-14,5.684341886080802e-14,-4]],[1,960.0000000000001,540,0]],[4,"Play",33554432,1,[[0,-12,[5,746,320]],[11,1,-13,4],[12,2,-16,[[13,"8da27kUvbxLvIyFkYjUVZ05","Carga",-15]],[4,4292269782],-14,5,6,7,8],[14,"Juego",-17]],[1,-439.696,-109.468,0]],[15,["d9pkGcj/xIB6tgvMbov9qk"]],[1,"Sprite",33554432,1,[[0,-18,[5,1920,1080]],[2,-19,0]],[1,0,960.282,0],[1,5,5,1]],[1,"Nube_00",33554432,1,[[0,-20,[5,110,46]],[2,-21,1]],[1,-1433.545,-195.855,0],[1,20,20,1]],[1,"Nube_01",33554432,1,[[0,-22,[5,103,36]],[2,-23,2]],[1,1623.312,347.48,0],[1,20,20,1]],[7,0,{},1,[16,"d9pkGcj/xIB6tgvMbov9qk",null,null,-24,[18,"48rkKVMlpFi6uU8xJblN/B",null,[[19,"Iglesia",["_name"],3],[3,["_lpos"],3,[1,291.658,0,0]],[3,["_lrot"],3,[3,0,0,0,1]],[3,["_euler"],3,[1,0,0,0]]]],3]],[4,"J&D",33554432,1,[[0,-25,[5,1130,161.2]],[20,"JULIE & DANIEL",160,160,120,false,true,true,5,-26,[4,4281084993],9]],[1,-277.036,343.517,0]],[21,"Inicio",[1],[17,null,null,"ad8765af-baed-4def-823a-60148d278ad3",null,null,[7]],[22,[23,[2,0,0,0,0.520833125],[2,0,0,0,0]],[24,[4,4283190348],[0,512,512]],[25],[26],[27],[28,false],[29],[30]]],[8,"Camera",1,[-27],[1,0,0,1000]],[31,0,540,0,2000,1108344832,10,[4,4278190080]]],0,[0,0,1,0,3,11,0,0,1,0,0,1,0,-1,4,0,-2,5,0,-3,6,0,-4,7,0,-5,2,0,-6,10,0,-7,8,0,0,2,0,0,2,0,4,2,0,5,2,0,0,2,0,0,2,0,0,4,0,0,4,0,0,5,0,0,5,0,0,6,0,0,6,0,6,7,0,0,8,0,0,8,0,-1,11,0,7,9,1,8,9,27],[0,0,0,0,0,0,0,0,0,0],[2,2,2,9,2,10,11,12,13,14],[5,6,7,8,0,0,9,10,11,12]]]]
