[1,["38WBFd37NH/Z91drvYY6wu@6c48a","64HdAWBT5P/YLUdxlPaWoz@6c48a","d9nqdscyVK14n5cek5ZVSY@6c48a"],["_textureSource"],["cc.SpriteFrame"],0,[[[{"name":"Beso_02","rect":{"x":3,"y":0,"width":58,"height":64},"offset":{"x":0,"y":0},"originalSize":{"width":64,"height":64},"rotated":false,"capInsets":[0,0,0,0],"vertices":{"rawPosition":[-29,-32,0,29,-32,0,-29,32,0,29,32,0],"indexes":[0,1,2,2,1,3],"uv":[3,64,61,64,3,0,61,0],"nuv":[0.046875,0,0.953125,0,0.046875,1,0.953125,1],"minPos":{"x":-29,"y":-32,"z":0},"maxPos":{"x":29,"y":32,"z":0}},"packable":true,"pixelsToUnit":100,"pivot":{"x":0.5,"y":0.5},"meshType":0}],[0],0,[0],[0],[0]],[[{"name":"Beso_00","rect":{"x":4,"y":9,"width":56,"height":55},"offset":{"x":0,"y":-4.5},"originalSize":{"width":64,"height":64},"rotated":false,"capInsets":[0,0,0,0],"vertices":{"rawPosition":[-28,-27.5,0,28,-27.5,0,-28,27.5,0,28,27.5,0],"indexes":[0,1,2,2,1,3],"uv":[4,55,60,55,4,0,60,0],"nuv":[0.0625,0,0.9375,0,0.0625,0.859375,0.9375,0.859375],"minPos":{"x":-28,"y":-27.5,"z":0},"maxPos":{"x":28,"y":27.5,"z":0}},"packable":true,"pixelsToUnit":100,"pivot":{"x":0.5,"y":0.5},"meshType":0}],[0],0,[0],[0],[1]],[[{"name":"Beso_01","rect":{"x":4,"y":1,"width":56,"height":63},"offset":{"x":0,"y":-0.5},"originalSize":{"width":64,"height":64},"rotated":false,"capInsets":[0,0,0,0],"vertices":{"rawPosition":[-28,-31.5,0,28,-31.5,0,-28,31.5,0,28,31.5,0],"indexes":[0,1,2,2,1,3],"uv":[4,63,60,63,4,0,60,0],"nuv":[0.0625,0,0.9375,0,0.0625,0.984375,0.9375,0.984375],"minPos":{"x":-28,"y":-31.5,"z":0},"maxPos":{"x":28,"y":31.5,"z":0}},"packable":true,"pixelsToUnit":100,"pivot":{"x":0.5,"y":0.5},"meshType":0}],[0],0,[0],[0],[2]]]]
