[1,["315Q9yII9PI58cQ/AXhHDM@f9941","1bPhAlUApBTrKyMS+6JzFE@f9941","ebw3F2WmZEkYF3jSz0S/Lh","3a7vYiVv5MK5BtBhKhKyGU@f9941","32kbUhnylHY4n1lz4COxWv","8cRHgv5OJMRKvuOIzFJwC3@f9941","86FFSnMoRGuZEMLsGLTXLI","93EIasN/dKro7g/Ah/Rf2n","037BhfkphBjIO1CvXjzemE@6c48a","19aB6B3BZOxa0LiDpKWErZ@6c48a","1bPhAlUApBTrKyMS+6JzFE@6c48a","315Q9yII9PI58cQ/AXhHDM@6c48a","3a7vYiVv5MK5BtBhKhKyGU@6c48a","49SPf+51NDCY0u+VOf12HF@6c48a","58CrJzo6NO6Lg/CahFF2u4@6c48a","5aeONGr7VOc6O42GGmcYgv@6c48a","6cJ9zmir9Kr4bhLPnCNmM3@6c48a","700NftXWlGeaeE6lHDw+To@6c48a","86MM5TO5tKh7uRGT+JOSZv@6c48a","86MM5TO5tKh7uRGT+JOSZv@f9941","037BhfkphBjIO1CvXjzemE@f9941","bav+1AlqRIeLJDF06/UEBU","5aeONGr7VOc6O42GGmcYgv@f9941","89ENSVee9FIKSwLZacXRbA","c2mDqAIppLprhlJYY6g2cD","61euuZTW1FKLaqOPnZumEv","19aB6B3BZOxa0LiDpKWErZ@f9941","b79yJDZOJBwZCyKg3lhwz+","64HdAWBT5P/YLUdxlPaWoz@f9941","58CrJzo6NO6Lg/CahFF2u4@f9941","6cJ9zmir9Kr4bhLPnCNmM3@f9941","a8SMBZ2RdCFqq2j+Kr7r91@6c48a","868l1cneVFT6X57hZgPmcB","700NftXWlGeaeE6lHDw+To@f9941","ead930a+hPbaxWdkZjZJoc@6c48a","ead930a+hPbaxWdkZjZJoc@f9941","74yWSgmhNGIbIWy07uUHV2","4ePiKfGUtIpon8NykTR3ph","f8BRdS6WVDz5ZMkdRfl4a/@f9941","f8BRdS6WVDz5ZMkdRfl4a/@6c48a"],["node","_spriteFrame","_textureSource","root","asset","data","_parent","_font","_defaultClip","_cameraComponent","man","carta","anim","player","CameraZoom","piso","scene","_clip","_file","particulas","corazon","spriteEnabled"],[["cc.Node",["_name","_layer","_active","_id","_objFlags","__editorExtras__","_mobility","_components","_lpos","_parent","_lscale","_children","_prefab","_lrot","_euler"],-4,9,5,1,5,2,4,5,5],"cc.SpriteFrame",["cc.BoxCollider2D",["tag","_group","_sensor","node","_size","__prefab","_offset"],0,1,5,4,5],["cc.UITransform",["node","_contentSize","__prefab","_anchorPoint"],3,1,5,4,5],["cc.RigidBody2D",["_group","_type","enabledContactListener","_gravityScale","_fixedRotation","node","__prefab"],-2,1,4],["cc.Sprite",["_type","_sizeMode","node","_spriteFrame","__prefab"],1,1,6,4],["cc.Node",["_name","_layer","_parent","_components","_lpos","_children"],1,1,12,5,2],["cc.Animation",["playOnLoad","node","_clips","_defaultClip"],2,1,3,6],["cc.Label",["_string","_actualFontSize","_lineHeight","_isSystemFontUsed","_isBold","_enableOutline","_outlineWidth","_horizontalAlign","_fontSize","node","_color","_font","_outlineColor"],-6,1,5,6,5],["cc.AudioClip",["_name","_native","_duration"],0],["cc.TTFFont",["_name","_native"],1],["cc.SceneAsset",["_name"],2],["cc.Node",["_name","_id","_parent","_components"],1,1,2],["cc.Canvas",["node","_cameraComponent"],3,1,1],["cc.Widget",["_alignFlags","_top","_bottom","node"],0,1],["9fa5dyF2ONFjr75d6uN2gOm",["idleClip","walkClip","jumpClip","speed","jumpForce","node","player","anim","carta","man"],-2,1,1,1,1,1],["882d32SWVlFaY1FhKObdURE",["node","piso","CameraZoom","target"],3,1,1,1,1],["cc.AudioSource",["_loop","node","_clip"],2,1,6],["3039cXJA4RLDLkM/SyLjQ4Z",["velocidad","node"],2,1],["cc.TargetInfo",["localID"],2],["ad97f5B51dJ17TvDpnZiMn5",["node","carta","JD","player"],3,1,1,1,1],["cc.Scene",["_name","_children","_prefab","_globals"],2,2,4,4],["cc.PrefabInfo",["root","asset","fileId","instance","targetOverrides","nestedPrefabInstanceRoots"],-2,2],["cc.PrefabInfo",["fileId","targetOverrides","nestedPrefabInstanceRoots","root","instance","asset"],0,1,4,6],["cc.PrefabInfo",["fileId","instance","targetOverrides","nestedPrefabInstanceRoots","root","asset"],-1,1,1],["cc.SceneGlobals",["ambient","shadows","_skybox","fog","octree","skin","lightProbeInfo","postSettings"],3,4,4,4,4,4,4,4,4],["cc.AmbientInfo",["_skyColorHDR","_groundAlbedoHDR"],3,5,5],["cc.ShadowsInfo",["_shadowColor","_size"],3,5,5],["cc.SkyboxInfo",[],3],["cc.FogInfo",[],3],["cc.OctreeInfo",[],3],["cc.SkinInfo",["_enabled"],2],["cc.LightProbeInfo",[],3],["cc.PostSettingsInfo",[],3],["cc.PrefabInstance",["fileId","prefabRootNode","propertyOverrides"],1,9],["CCPropertyOverrideInfo",["value","propertyPath","targetInfo"],1,1],["CCPropertyOverrideInfo",["propertyPath","targetInfo","value"],2,1,8],["cc.Camera",["_projection","_orthoHeight","_near","_far","_visibility","node","_color"],-2,1,5],["4fe49Igw+pJZKUhllJEUoT1",["scoreLabel"],3,1],["cc.Prefab",["_name"],2],["cc.CompPrefabInfo",["fileId"],2],["cc.ParticleSystem2D",["_name","duration","emissionRate","lifeVar","angle","angleVar","startSize","startSizeVar","endSize","endSizeVar","endSpin","speed","tangentialAccel","tangentialAccelVar","startRadius","autoRemoveOnFinish","_custom","_totalParticles","node","__prefab","posVar","gravity","_endColor","_file","_spriteFrame"],-15,1,4,5,5,5,6,6],["106d2KNCgdPv6tsVQSc3ujV",["node","__prefab","particulas","corazon","spriteEnabled"],3,1,4,6,6,6]],[[3,0,1,1],[0,0,9,7,8,10,2],[2,0,1,3,4,3],[5,0,1,2,3,3],[4,0,1,5,3],[36,0,1,2,2],[5,2,3,1],[40,0,2],[0,0,1,9,7,8,10,3],[0,4,5,9,12,3],[19,0,2],[23,0,1,2,3,4,5,4],[34,0,1,2,3],[35,0,1,2,3],[24,0,1,2,3,4,5,5],[3,0,2,1,1],[39,0,2],[6,0,2,5,3,4,2],[2,0,1,3,5,6,4,3],[5,2,4,3,1],[4,2,0,1,5,6,4],[9,0,1,2,4],[10,0,1,3],[11,0,2],[0,0,1,3,11,7,8,4],[0,0,1,9,11,7,3],[0,0,1,11,7,8,3],[0,0,2,1,9,11,7,8,10,4],[0,0,2,1,9,7,8,10,4],[0,0,9,7,8,13,10,14,2],[0,0,9,7,8,2],[0,0,1,9,7,8,3],[0,0,6,7,12,10,3],[0,0,1,11,7,12,8,10,3],[0,0,9,7,12,8,10,2],[0,0,1,7,12,8,10,3],[6,0,1,2,3,4,3],[12,0,1,2,3,3],[3,0,1],[3,0,1,3,1],[3,0,2,1],[13,0,1,1],[14,0,1,2,3,4],[2,0,1,3,6,4,3],[2,3,4,1],[2,0,1,2,3,5,4,4],[2,0,1,3,5,4,3],[15,0,1,2,3,4,5,6,7,8,9,6],[5,0,1,2,4,3,3],[16,0,1,2,3,1],[17,0,1,2,2],[4,0,5,2],[4,2,0,3,4,5,5],[4,0,1,5,6,3],[7,0,1,2,3,2],[7,0,1,2,2],[18,0,1,2],[20,0,1,2,3,1],[21,0,1,2,3,2],[22,0,1,2,3,4,5,6],[25,0,1,2,3,4,5,6,7,1],[26,0,1,1],[27,0,1,1],[28,1],[29,1],[30,1],[31,0,2],[32,1],[33,1],[37,0,1,2,3,4,5,6,6],[8,0,7,1,2,3,4,5,6,9,10,11,9],[8,0,1,8,2,3,4,5,6,9,12,9],[38,0,1],[41,0,1,2,3,4,5,6,7,8,9,10,11,12,13,14,15,16,17,18,19,20,21,22,23,24,19],[42,0,1,2,3,4,1]],[[[{"name":"Nube_02","rect":{"x":0,"y":0,"width":204,"height":46},"offset":{"x":0,"y":0},"originalSize":{"width":204,"height":46},"rotated":false,"capInsets":[0,0,0,0],"vertices":{"rawPosition":[-102,-23,0,102,-23,0,-102,23,0,102,23,0],"indexes":[0,1,2,2,1,3],"uv":[0,46,204,46,0,0,204,0],"nuv":[0,0,1,0,0,1,1,1],"minPos":{"x":-102,"y":-23,"z":0},"maxPos":{"x":102,"y":23,"z":0}},"packable":true,"pixelsToUnit":100,"pivot":{"x":0.5,"y":0.5},"meshType":0}],[1],0,[0],[2],[8]],[[{"name":"cerrar","rect":{"x":0,"y":0,"width":149,"height":152},"offset":{"x":0,"y":0},"originalSize":{"width":149,"height":152},"rotated":false,"capInsets":[0,0,0,0],"vertices":{"rawPosition":[-74.5,-76,0,74.5,-76,0,-74.5,76,0,74.5,76,0],"indexes":[0,1,2,2,1,3],"uv":[0,152,149,152,0,0,149,0],"nuv":[0,0,1,0,0,1,1,1],"minPos":{"x":-74.5,"y":-76,"z":0},"maxPos":{"x":74.5,"y":76,"z":0}},"packable":true,"pixelsToUnit":100,"pivot":{"x":0.5,"y":0.5},"meshType":0}],[1],0,[0],[2],[9]],[[{"name":"Nube_00","rect":{"x":0,"y":0,"width":110,"height":46},"offset":{"x":0,"y":0.5},"originalSize":{"width":110,"height":47},"rotated":false,"capInsets":[0,0,0,0],"vertices":{"rawPosition":[-55,-23,0,55,-23,0,-55,23,0,55,23,0],"indexes":[0,1,2,2,1,3],"uv":[0,47,110,47,0,1,110,1],"nuv":[0,0.02127659574468085,1,0.02127659574468085,0,1,1,1],"minPos":{"x":-55,"y":-23,"z":0},"maxPos":{"x":55,"y":23,"z":0}},"packable":true,"pixelsToUnit":100,"pivot":{"x":0.5,"y":0.5},"meshType":0}],[1],0,[0],[2],[10]],[[{"name":"Plataforma_00","rect":{"x":0,"y":0,"width":41,"height":41},"offset":{"x":0,"y":0},"originalSize":{"width":41,"height":41},"rotated":false,"capInsets":[0,0,0,0],"vertices":{"rawPosition":[-20.5,-20.5,0,20.5,-20.5,0,-20.5,20.5,0,20.5,20.5,0],"indexes":[0,1,2,2,1,3],"uv":[0,41,41,41,0,0,41,0],"nuv":[0,0,1,0,0,1,1,1],"minPos":{"x":-20.5,"y":-20.5,"z":0},"maxPos":{"x":20.5,"y":20.5,"z":0}},"packable":true,"pixelsToUnit":100,"pivot":{"x":0.5,"y":0.5},"meshType":0}],[1],0,[0],[2],[11]],[[{"name":"Nube_01","rect":{"x":0,"y":0,"width":103,"height":36},"offset":{"x":0,"y":0.5},"originalSize":{"width":103,"height":37},"rotated":false,"capInsets":[0,0,0,0],"vertices":{"rawPosition":[-51.5,-18,0,51.5,-18,0,-51.5,18,0,51.5,18,0],"indexes":[0,1,2,2,1,3],"uv":[0,37,103,37,0,1,103,1],"nuv":[0,0.02702702702702703,1,0.02702702702702703,0,1,1,1],"minPos":{"x":-51.5,"y":-18,"z":0},"maxPos":{"x":51.5,"y":18,"z":0}},"packable":true,"pixelsToUnit":100,"pivot":{"x":0.5,"y":0.5},"meshType":0}],[1],0,[0],[2],[12]],[[{"name":"Salto_01","rect":{"x":11,"y":1,"width":42,"height":62},"offset":{"x":0,"y":0},"originalSize":{"width":64,"height":64},"rotated":false,"capInsets":[0,0,0,0],"vertices":{"rawPosition":[-21,-31,0,21,-31,0,-21,31,0,21,31,0],"indexes":[0,1,2,2,1,3],"uv":[11,63,53,63,11,1,53,1],"nuv":[0.171875,0.015625,0.828125,0.015625,0.171875,0.984375,0.828125,0.984375],"minPos":{"x":-21,"y":-31,"z":0},"maxPos":{"x":21,"y":31,"z":0}},"packable":true,"pixelsToUnit":100,"pivot":{"x":0.5,"y":0.5},"meshType":0}],[1],0,[0],[2],[13]],[[{"name":"Poema","rect":{"x":160,"y":5,"width":1573,"height":1068},"offset":{"x":-13.5,"y":1},"originalSize":{"width":1920,"height":1080},"rotated":false,"capInsets":[0,0,0,0],"vertices":{"rawPosition":[-786.5,-534,0,786.5,-534,0,-786.5,534,0,786.5,534,0],"indexes":[0,1,2,2,1,3],"uv":[160,1075,1733,1075,160,7,1733,7],"nuv":[0.08333333333333333,0.006481481481481481,0.9026041666666667,0.006481481481481481,0.08333333333333333,0.9953703703703703,0.9026041666666667,0.9953703703703703],"minPos":{"x":-786.5,"y":-534,"z":0},"maxPos":{"x":786.5,"y":534,"z":0}},"packable":true,"pixelsToUnit":100,"pivot":{"x":0.5,"y":0.5},"meshType":0}],[1],0,[0],[2],[14]],[[{"name":"Caminata_00","rect":{"x":16,"y":1,"width":32,"height":63},"offset":{"x":0,"y":-0.5},"originalSize":{"width":64,"height":64},"rotated":false,"capInsets":[0,0,0,0],"vertices":{"rawPosition":[-16,-31.5,0,16,-31.5,0,-16,31.5,0,16,31.5,0],"indexes":[0,1,2,2,1,3],"uv":[16,63,48,63,16,0,48,0],"nuv":[0.25,0,0.75,0,0.25,0.984375,0.75,0.984375],"minPos":{"x":-16,"y":-31.5,"z":0},"maxPos":{"x":16,"y":31.5,"z":0}},"packable":true,"pixelsToUnit":100,"pivot":{"x":0.5,"y":0.5},"meshType":0}],[1],0,[0],[2],[15]],[[[21,"ytmp3free.cc_chamomile-waltz-youtubemp3free.org",".mp3",78.624],-1],0,0,[],[],[]],[[{"name":"booby-enemigo","rect":{"x":45,"y":18,"width":191,"height":345},"offset":{"x":8.5,"y":-6.5},"originalSize":{"width":264,"height":368},"rotated":false,"capInsets":[0,0,0,0],"vertices":{"rawPosition":[-95.5,-172.5,0,95.5,-172.5,0,-95.5,172.5,0,95.5,172.5,0],"indexes":[0,1,2,2,1,3],"uv":[45,350,236,350,45,5,236,5],"nuv":[0.17045454545454544,0.01358695652173913,0.8939393939393939,0.01358695652173913,0.17045454545454544,0.9510869565217391,0.8939393939393939,0.9510869565217391],"minPos":{"x":-95.5,"y":-172.5,"z":0},"maxPos":{"x":95.5,"y":172.5,"z":0}},"packable":true,"pixelsToUnit":100,"pivot":{"x":0.5,"y":0.5},"meshType":0}],[1],0,[0],[2],[16]],[[{"name":"Iglesia","rect":{"x":1,"y":0,"width":249,"height":179},"offset":{"x":0.5,"y":0},"originalSize":{"width":250,"height":179},"rotated":false,"capInsets":[0,0,0,0],"vertices":{"rawPosition":[-124.5,-89.5,0,124.5,-89.5,0,-124.5,89.5,0,124.5,89.5,0],"indexes":[0,1,2,2,1,3],"uv":[1,179,250,179,1,0,250,0],"nuv":[0.004,0,1,0,0.004,1,1,1],"minPos":{"x":-124.5,"y":-89.5,"z":0},"maxPos":{"x":124.5,"y":89.5,"z":0}},"packable":true,"pixelsToUnit":100,"pivot":{"x":0.5,"y":0.5},"meshType":0}],[1],0,[0],[2],[17]],[[[22,"GnuUnifontFull-Pm9P","GnuUnifontFull-Pm9P.ttf"],-1],0,0,[],[],[]],[[{"name":"cielo","rect":{"x":0,"y":0,"width":1920,"height":1080},"offset":{"x":0,"y":0},"originalSize":{"width":1920,"height":1080},"rotated":false,"capInsets":[0,0,0,0],"vertices":{"rawPosition":[-960,-540,0,960,-540,0,-960,540,0,960,540,0],"indexes":[0,1,2,2,1,3],"uv":[0,1080,1920,1080,0,0,1920,0],"nuv":[0,0,1,0,0,1,1,1],"minPos":{"x":-960,"y":-540,"z":0},"maxPos":{"x":960,"y":540,"z":0}},"packable":true,"pixelsToUnit":100,"pivot":{"x":0.5,"y":0.5},"meshType":0}],[1],0,[0],[2],[18]],[[[23,"Juego"],[24,"Canvas",33554432,"beI88Z2HpFELqR4T5EMHpg",[-5,-6,-7,-8,-9,-10,-11,-12,-13,-14,-15,-16,-17,-18,-19,-20,-21,-22,-23,-24,-25,-26,-27,-28,-29,-30,-31,-32,-33,-34,-35,-36,-37,-38,-39],[[0,-1,[5,1920.0000000000002,1080]],[41,-3,-2],[42,45,5.684341886080802e-14,5.684341886080802e-14,-4]],[1,960.0000000000001,540,0]],[25,"NUBES",33554432,1,[-41,-42,-43,-44,-45,-46,-47,-48,-49,-50,-51,-52,-53],[[38,-40]]],[17,"player",1,[-63],[[-54,[43,5,256,-55,[0,0,180],[5,120,256]],[0,-56,[5,64,64]],[47,"Daniel_Idle","Daniel_Derecha","Daniel_Jump",25,25,-61,-60,-59,-58,-57],-62],1,4,4,4,1],[1,-817.985,-228.749,0]],[26,"carta",33554432,[-66,-67],[[0,-64,[5,1573,1068]],[6,-65,30]],[1,0,0,-1000]],[17,"Camera",1,[-73,-74,4],[[-68,[49,-71,-70,-69,3],[50,true,-72,23]],1,4,4],[1,0,0,1000]],[1,"suelo",1,[[4,4,0,-75],[2,1,4,-76,[5,820,41]],[0,-77,[5,820,41]],[3,2,0,-78,2]],[1,-732.229,-483.171,0],[1,4,4,1]],[27,"J&D",false,33554432,1,[-82],[[0,-79,[5,56,55]],[6,-80,27],[54,true,-81,[28],29]],[1,16459.702,-193.706,0],[1,4,4,1]],[28,"booby-enemigo",false,33554432,1,[[0,-83,[5,191,345]],[6,-84,33],[51,2,-85],[44,-86,[5,191,345]],[56,10,-87]],[1,379.327,-209.741,0],[1,0.5,0.5,1]],[1,"plataforma-025",1,[[4,4,0,-88],[2,1,4,-89,[5,82,41]],[0,-90,[5,82,41]],[3,2,0,-91,0]],[1,10878.23,-45.638,0],[1,4,4,1]],[1,"plataforma",1,[[4,4,0,-92],[2,1,4,-93,[5,820,41]],[0,-94,[5,820,41]],[3,2,0,-95,31]],[1,-729.935,-381.56,0],[1,4,4,1]],[1,"plataforma-006",1,[[4,4,0,-96],[2,1,4,-97,[5,500,41]],[0,-98,[5,500,41]],[3,2,0,-99,34]],[1,2821.671,-381.56,0],[1,4,4,1]],[1,"plataforma-007",1,[[4,4,0,-100],[2,1,4,-101,[5,500,41]],[0,-102,[5,500,41]],[3,2,0,-103,35]],[1,739.401,826.79,0],[1,4,4,1]],[1,"plataforma-008",1,[[4,4,0,-104],[2,1,4,-105,[5,205,41]],[0,-106,[5,205,41]],[3,2,0,-107,36]],[1,4345.493,-128.677,0],[1,4,4,1]],[1,"plataforma-009",1,[[4,4,0,-108],[2,1,4,-109,[5,205,41]],[0,-110,[5,205,41]],[3,2,0,-111,37]],[1,2343.295,548.159,0],[1,4,4,1]],[1,"plataforma-010",1,[[4,4,0,-112],[2,1,4,-113,[5,82,41]],[0,-114,[5,82,41]],[3,2,0,-115,38]],[1,3138.609,314.807,0],[1,4,4,1]],[1,"plataforma-011",1,[[4,4,0,-116],[2,1,4,-117,[5,205,41]],[0,-118,[5,205,41]],[3,2,0,-119,40]],[1,5410.193,233.541,0],[1,4,4,1]],[1,"plataforma-012",1,[[4,4,0,-120],[2,1,4,-121,[5,82,41]],[0,-122,[5,82,41]],[3,2,0,-123,41]],[1,6233.923,622.143,0],[1,4,4,1]],[1,"plataforma-013",1,[[4,4,0,-124],[2,1,4,-125,[5,500,41]],[0,-126,[5,500,41]],[3,2,0,-127,42]],[1,7581.723,-381,0],[1,4,4,1]],[1,"plataforma-014",1,[[4,4,0,-128],[2,1,4,-129,[5,500,41]],[0,-130,[5,500,41]],[3,2,0,-131,44]],[1,13030.6,-381,0],[1,4,4,1]],[1,"plataforma-015",1,[[4,4,0,-132],[2,1,4,-133,[5,205,41]],[0,-134,[5,205,41]],[3,2,0,-135,45]],[1,9209.035,-128.677,0],[1,4,4,1]],[1,"plataforma-016",1,[[4,4,0,-136],[2,1,4,-137,[5,205,41]],[0,-138,[5,205,41]],[3,2,0,-139,46]],[1,10117.709,233.541,0],[1,4,4,1]],[1,"plataforma-018",1,[[4,4,0,-140],[2,1,4,-141,[5,82,41]],[0,-142,[5,82,41]],[3,2,0,-143,47]],[1,11275.78,622.143,0],[1,4,4,1]],[1,"plataforma-017",1,[[4,4,0,-144],[2,1,4,-145,[5,410,41]],[0,-146,[5,410,41]],[3,2,0,-147,48]],[1,12573.895,826.79,0],[1,4,4,1]],[1,"plataforma-019",1,[[4,4,0,-148],[2,1,4,-149,[5,82,41]],[0,-150,[5,82,41]],[3,2,0,-151,49]],[1,12822.587,1331.17,0],[1,4,4,1]],[1,"plataforma-020",1,[[4,4,0,-152],[2,1,4,-153,[5,82,41]],[0,-154,[5,82,41]],[3,2,0,-155,50]],[1,12090.933,1685.683,0],[1,4,4,1]],[1,"plataforma-021",1,[[4,4,0,-156],[2,1,4,-157,[5,82,41]],[0,-158,[5,82,41]],[3,2,0,-159,51]],[1,11246.136,2059.053,0],[1,4,4,1]],[1,"plataforma-022",1,[[4,4,0,-160],[2,1,4,-161,[5,500,41]],[0,-162,[5,500,41]],[3,2,0,-163,52]],[1,9632.4,2312.728,0],[1,4,4,1]],[1,"plataforma-023",1,[[4,4,0,-164],[2,1,4,-165,[5,82,41]],[0,-166,[5,82,41]],[3,2,0,-167,54]],[1,13465.521,1121.407,0],[1,4,4,1]],[1,"plataforma-024",1,[[4,4,0,-168],[2,1,4,-169,[5,82,41]],[0,-170,[5,82,41]],[3,2,0,-171,55]],[1,11499.24,-237.917,0],[1,4,4,1]],[29,"plataforma-026",1,[[4,4,0,-172],[2,1,4,-173,[5,205,41]],[0,-174,[5,205,41]],[3,2,0,-175,56]],[1,-2333.418,-221.923,0],[3,0,0,0.7071067811865475,0.7071067811865476],[1,4,4,1],[1,0,0,90]],[10,["d9pkGcj/xIB6tgvMbov9qk"]],[10,["dfQsRhTmxBYaA2gCIRIbrm"]],[30,"cerrar",4,[[0,-176,[5,149,152]],[6,-177,25],[57,-178,4,7,3]],[1,712.226,455.494,1000]],[10,["f1ds3WreFAdJmClJ4jtUCL"]],[10,["dfQsRhTmxBYaA2gCIRIbrm"]],[10,["dfQsRhTmxBYaA2gCIRIbrm"]],[10,["dfQsRhTmxBYaA2gCIRIbrm"]],[10,["dfQsRhTmxBYaA2gCIRIbrm"]],[58,"Juego",[1,-186],[59,null,null,"96aba08e-4767-4acb-bf74-ddcdecb63938",null,null,[-179,-180,-181,-182,-183,-184,-185]],[60,[61,[2,0,0,0,0.520833125],[2,0,0,0,0]],[62,[4,4283190348],[0,512,512]],[63],[64],[65],[66,false],[67],[68]]],[8,"Cielo-back",33554432,1,[[0,-187,[5,1920,1080]],[6,-188,1]],[1,15937.505,1000,0],[1,20,5,1]],[8,"Nube_00",33554432,2,[[0,-189,[5,110,46]],[6,-190,3]],[1,-830.357,1276.786,0],[1,5,5,1]],[8,"Nube_01",33554432,2,[[0,-191,[5,103,36]],[6,-192,4]],[1,2889.881,1038.691,0],[1,10,10,1]],[8,"Nube_02",33554432,2,[[0,-193,[5,204,46]],[6,-194,5]],[1,14512.501,-512.5,0],[1,20,20,1]],[8,"Nube_03",33554432,2,[[0,-195,[5,103,36]],[6,-196,6]],[1,17464.882,-36.30899999999997,0],[1,20,20,1]],[8,"Nube_04",33554432,2,[[0,-197,[5,103,36]],[6,-198,7]],[1,12770.571,1119.868,0],[1,-20,20,1]],[8,"Nube_05",33554432,2,[[0,-199,[5,103,36]],[6,-200,8]],[1,8577.464,415.863,0],[1,-10,10,1]],[8,"Nube_06",33554432,2,[[0,-201,[5,110,46]],[6,-202,9]],[1,271.57,72.196,0],[1,5,5,1]],[8,"Nube_07",33554432,2,[[0,-203,[5,110,46]],[6,-204,10]],[1,6404.03,1571.09,0],[1,5,5,1]],[8,"Nube_08",33554432,2,[[0,-205,[5,110,46]],[6,-206,11]],[1,5350.014,-249.484,0],[1,5,5,1]],[8,"Nube_09",33554432,2,[[0,-207,[5,110,46]],[6,-208,12]],[1,11003.376,2515.598,0],[1,5,5,1]],[8,"Nube_10",33554432,2,[[0,-209,[5,110,46]],[6,-210,13]],[1,7211.655,2850.967,0],[1,5,5,1]],[8,"Nube_11",33554432,2,[[0,-211,[5,110,46]],[6,-212,14]],[1,10709.074,-270.017,0],[1,5,5,1]],[8,"Nube_12",33554432,2,[[0,-213,[5,110,46]],[6,-214,15]],[1,4042.762,2084.41,0],[1,5,5,1]],[9,0,{},1,[11,"d9pkGcj/xIB6tgvMbov9qk",null,null,-215,[12,"9fc7le16FBF6wxede4ps7q",null,[[13,"Iglesia",["_name"],31],[5,["_lpos"],31,[1,16537.504,73.648,0]],[5,["_lrot"],31,[3,0,0,0,1]],[5,["_euler"],31,[1,0,0,0]]]],16]],[9,0,{},1,[11,"dfQsRhTmxBYaA2gCIRIbrm",null,null,-216,[12,"05M19MnHZHn7QJ6IRlBblZ",null,[[5,["_lpos"],32,[1,13313.481,144.602,0]],[13,"Bloque_01",["_name"],32],[5,["_lrot"],32,[3,0,0,0,1]],[5,["_euler"],32,[1,0,0,0]]]],17]],[1,"sprite",3,[[39,-217,[5,32,63],[0,0.5,0]],[6,-218,18]],[1,0,50,0],[1,4,4,1]],[36,"Score",33554432,5,[[[0,-219,[5,130,110.8]],-220],4,1],[1,785.642,443.646,-1000]],[8,"corazon-UI",33554432,5,[[0,-221,[5,64,49]],[6,-222,22]],[1,630.81,443.646,-1000],[1,2,2,1]],[69,0,540,0,2000,1108344832,5,[4,4278190080]],[31,"poema",33554432,4,[[0,-223,[5,1307,791.3]],[70,"Frohen Valentinstag 🤍\nIch schätze es sehr, wie du bleibst, wie du dich\nkümmerst und wie du mir ein Gefühl von Sicherheit \ngibst. Mit dir fühle ich mich ruhig und geborgen, auf eine Weise,\ndie sich natürlich und echt anfühlt. Auch über die Entfernung\n          hinweg fühlst du dich meinem Herzen nah, und das\n             bedeutet mir mehr, als ich erklären kann. Ich weiß\n              nicht alles über die Zukunft, aber ich weiß, dass \n              ich mag, wer ich bin, wenn ich bei dir\n              bin – und das bedeutet mir sehr viel.\n              Du bringst Wärme in mein Leben,\n           auf eine ruhige und friedliche Art. Ich lerne noch\n            und wachse weiter, aber ich bin dankbar, \n          dass du in diesem Moment bei mir bist.",0,40,55,false,true,true,3.5,-224,[4,4291743473],24]],[1,14.202,-21.855,0]],[9,0,{},7,[11,"f1ds3WreFAdJmClJ4jtUCL",null,null,-225,[12,"6eafTmtqFM265V7xyrhEWf",null,[[13,"corazones-muchos",["_name"],34],[5,["_lpos"],34,[1,-8.489,36.793,0]],[5,["_lrot"],34,[3,0,0,0,1]],[5,["_euler"],34,[1,0,0,0]]]],26]],[9,0,{},1,[11,"dfQsRhTmxBYaA2gCIRIbrm",null,null,-226,[12,"853BcKSOZLRLY430R2REIf",null,[[13,"Bloque_01",["_name"],35],[5,["_lpos"],35,[1,-655.047,210.895,0]],[5,["_lrot"],35,[3,0,0,0,1]],[5,["_euler"],35,[1,0,0,0]]]],32]],[9,0,{},1,[11,"dfQsRhTmxBYaA2gCIRIbrm",null,null,-227,[12,"de/gQ+sKZMwIHx8rPEwALA",null,[[5,["_lpos"],36,[1,19.781459551846638,1276.3790506429673,0]],[13,"Bloque_01",["_name"],36],[5,["_lrot"],36,[3,0,0,0,1]],[5,["_euler"],36,[1,0,0,0]]]],39]],[9,0,{},1,[11,"dfQsRhTmxBYaA2gCIRIbrm",null,null,-228,[12,"7fR0aMY6BB07haidRPdWBP",null,[[5,["_lpos"],37,[1,6320.364,1112.711,0]],[13,"Bloque_01",["_name"],37],[5,["_lrot"],37,[3,0,0,0,1]],[5,["_euler"],37,[1,0,0,0]]]],43]],[9,0,{},1,[11,"dfQsRhTmxBYaA2gCIRIbrm",null,null,-229,[12,"11ZxJx4UNC4q1x1JYu7+VU",null,[[5,["_lpos"],38,[1,8872.608,2856.303,0]],[13,"Bloque_01",["_name"],38],[5,["_lrot"],38,[3,0,0,0,1]],[5,["_euler"],38,[1,0,0,0]]]],53]],[52,true,256,2,true,3],[55,true,3,[19,20,21]],[71,"X 0",80,80,80,false,true,true,5,57,[4,4280295543]],[72,68],[37,"ManagerScore","20KVXMoh1DVIUUE5Ur7nok",39,[69]]],0,[0,0,1,0,9,59,0,0,1,0,0,1,0,-1,9,0,-2,40,0,-3,6,0,-4,2,0,-5,54,0,-6,55,0,-7,3,0,-8,10,0,-9,62,0,-10,8,0,-11,11,0,-12,12,0,-13,13,0,-14,14,0,-15,15,0,-16,63,0,-17,16,0,-18,17,0,-19,18,0,-20,64,0,-21,19,0,-22,20,0,-23,21,0,-24,22,0,-25,23,0,-26,24,0,-27,25,0,-28,26,0,-29,27,0,-30,65,0,-31,28,0,-32,29,0,-33,5,0,-34,30,0,-35,7,0,0,2,0,-1,41,0,-2,42,0,-3,43,0,-4,44,0,-5,45,0,-6,46,0,-7,47,0,-8,48,0,-9,49,0,-10,50,0,-11,51,0,-12,52,0,-13,53,0,-1,66,0,0,3,0,0,3,0,10,69,0,11,4,0,12,67,0,13,66,0,0,3,0,-5,67,0,-1,56,0,0,4,0,0,4,0,-1,60,0,-2,33,0,-1,59,0,14,59,0,15,6,0,0,5,0,0,5,0,-1,57,0,-2,58,0,0,6,0,0,6,0,0,6,0,0,6,0,0,7,0,0,7,0,0,7,0,-1,61,0,0,8,0,0,8,0,0,8,0,0,8,0,0,8,0,0,9,0,0,9,0,0,9,0,0,9,0,0,10,0,0,10,0,0,10,0,0,10,0,0,11,0,0,11,0,0,11,0,0,11,0,0,12,0,0,12,0,0,12,0,0,12,0,0,13,0,0,13,0,0,13,0,0,13,0,0,14,0,0,14,0,0,14,0,0,14,0,0,15,0,0,15,0,0,15,0,0,15,0,0,16,0,0,16,0,0,16,0,0,16,0,0,17,0,0,17,0,0,17,0,0,17,0,0,18,0,0,18,0,0,18,0,0,18,0,0,19,0,0,19,0,0,19,0,0,19,0,0,20,0,0,20,0,0,20,0,0,20,0,0,21,0,0,21,0,0,21,0,0,21,0,0,22,0,0,22,0,0,22,0,0,22,0,0,23,0,0,23,0,0,23,0,0,23,0,0,24,0,0,24,0,0,24,0,0,24,0,0,25,0,0,25,0,0,25,0,0,25,0,0,26,0,0,26,0,0,26,0,0,26,0,0,27,0,0,27,0,0,27,0,0,27,0,0,28,0,0,28,0,0,28,0,0,28,0,0,29,0,0,29,0,0,29,0,0,29,0,0,30,0,0,30,0,0,30,0,0,30,0,0,33,0,0,33,0,0,33,0,-1,54,0,-2,55,0,-3,62,0,-4,63,0,-5,64,0,-6,65,0,-7,61,0,-2,70,0,0,40,0,0,40,0,0,41,0,0,41,0,0,42,0,0,42,0,0,43,0,0,43,0,0,44,0,0,44,0,0,45,0,0,45,0,0,46,0,0,46,0,0,47,0,0,47,0,0,48,0,0,48,0,0,49,0,0,49,0,0,50,0,0,50,0,0,51,0,0,51,0,0,52,0,0,52,0,0,53,0,0,53,0,3,54,0,3,55,0,0,56,0,0,56,0,0,57,0,-2,68,0,0,58,0,0,58,0,0,60,0,0,60,0,3,61,0,3,62,0,3,63,0,3,64,0,3,65,0,16,39,1,6,39,4,6,5,69,0,70,229],[0,0,0,0,0,0,0,0,0,0,0,0,0,0,0,0,0,0,0,0,0,0,0,0,0,0,0,0,0,0,0,0,0,0,0,0,0,0,0,0,0,0,0,0,0,0,0,0,0,0,0,0,0,0,0,0,0,67,68],[1,1,1,1,1,1,1,1,1,1,1,1,1,1,1,1,4,4,1,-1,-2,-3,1,17,7,1,4,1,-1,8,1,1,4,1,1,1,1,1,1,4,1,1,1,4,1,1,1,1,1,1,1,1,1,4,1,1,1,8,7],[0,19,0,1,3,20,3,3,3,1,1,1,1,1,1,1,21,2,22,4,23,24,5,25,6,26,27,28,7,7,29,0,2,30,0,0,0,0,0,2,0,0,0,2,0,0,0,0,0,0,0,0,0,2,0,0,0,4,6]],[[{"name":"Salto_00","rect":{"x":11,"y":0,"width":41,"height":64},"offset":{"x":-0.5,"y":0},"originalSize":{"width":64,"height":64},"rotated":false,"capInsets":[0,0,0,0],"vertices":{"rawPosition":[-20.5,-32,0,20.5,-32,0,-20.5,32,0,20.5,32,0],"indexes":[0,1,2,2,1,3],"uv":[11,64,52,64,11,0,52,0],"nuv":[0.171875,0,0.8125,0,0.171875,1,0.8125,1],"minPos":{"x":-20.5,"y":-32,"z":0},"maxPos":{"x":20.5,"y":32,"z":0}},"packable":true,"pixelsToUnit":100,"pivot":{"x":0.5,"y":0.5},"meshType":0}],[1],0,[0],[2],[31]],[[[16,"corazones-muchos"],[32,"corazones-muchos",2,[[40,-2,[7,"6bHSfC7cpA+ah6wx1lPS5B"]],[73,"Node<ParticleSystem2D>",10,50,1.5,0,0,20,200,20,150,180,0,0,7,100,true,true,200,-3,[7,"abv6flsllB2LjfkgxfboH9"],[0,7,7],[0,500,500],[4,4281216767],0,1]],[14,"f1ds3WreFAdJmClJ4jtUCL",null,null,null,-1,0],[1,0.8,0.8,1]]],0,[0,3,1,0,0,1,0,0,1,0,5,1,3],[0,0],[18,1],[32,5]],[[[16,"Iglesia"],[33,"Iglesia",33554432,[-6],[[15,-2,[7,"50c3zyS2JAboKD/6diG/c1"],[5,249,179]],[19,-3,[7,"8fmzP76gZEHYRgH9RWyco7"],1],[20,true,32,0,-4,[7,"baP4CZ1qpMJ7qzWMA9JSuM"]],[45,10,32,true,-5,[7,"e1P9F7Mn9M07jYKG0nWkPE"],[5,249,179]]],[14,"d9pkGcj/xIB6tgvMbov9qk",null,null,null,-1,0],[1,16537.504,73.648,0],[1,5,5,1]],[34,"plataforma-003",1,[[53,4,0,-7,[7,"73RAFiS0hP1bNgB4X/SoIZ"]],[46,1,4,-8,[7,"d6jEUL+bhFtox1ZT08I2dm"],[5,500,41]],[15,-9,[7,"0b105VcFdIW58x3zkiL8MF"],[5,500,41]],[48,2,0,-10,[7,"0cwT/bem1LbIMa4j/nU9HK"],0]],[14,"72coCB5qdMv6KirjEMyON/",null,null,null,1,0],[1,-57.77059999999983,-90.92960000000001,0],[1,0.8,0.8,1]]],0,[0,3,1,0,0,1,0,0,1,0,0,1,0,0,1,0,-1,2,0,0,2,0,0,2,0,0,2,0,0,2,0,5,1,10],[0,0],[1,1],[0,33]],[[{"name":"Bloque_01","rect":{"x":0,"y":0,"width":45,"height":45},"offset":{"x":0,"y":0},"originalSize":{"width":45,"height":45},"rotated":false,"capInsets":[0,0,0,0],"vertices":{"rawPosition":[-22.5,-22.5,0,22.5,-22.5,0,-22.5,22.5,0,22.5,22.5,0],"indexes":[0,1,2,2,1,3],"uv":[0,45,45,45,0,0,45,0],"nuv":[0,0,1,0,0,1,1,1],"minPos":{"x":-22.5,"y":-22.5,"z":0},"maxPos":{"x":22.5,"y":22.5,"z":0}},"packable":true,"pixelsToUnit":100,"pivot":{"x":0.5,"y":0.5},"meshType":0}],[1],0,[0],[2],[34]],[[[16,"Bloque_01"],[35,"Bloque_01",33554432,[[15,-2,[7,"d4pMYfHfNLyYvBy+gmrOC4"],[5,45,45]],[19,-3,[7,"eaj1oKvDdNH4si3+MhgK7O"],0],[74,-4,[7,"efZzrXrs1IyLpy4Mgfaz1G"],1,2,3],[20,true,8,0,-5,[7,"4cNNPdhp5NUZiyY1MN4tBQ"]],[18,3,8,-6,[7,"2arHaXmJdCPLNIfvt1lZBe"],[0,0,-10],[5,45,20]],[18,1,8,-7,[7,"0b/ljwHNtAaIvlCkSIYzmJ"],[0,0,12],[5,45,20]]],[14,"dfQsRhTmxBYaA2gCIRIbrm",null,null,null,-1,0],[1,-655.047,210.895,0],[1,4,4,1]]],0,[0,3,1,0,0,1,0,0,1,0,0,1,0,0,1,0,0,1,0,0,1,0,5,1,7],[0,0,0,0],[1,19,20,21],[35,36,37,38]],[[{"name":"Bloque_01-enabled","rect":{"x":0,"y":0,"width":45,"height":45},"offset":{"x":0,"y":0},"originalSize":{"width":45,"height":45},"rotated":false,"capInsets":[0,0,0,0],"vertices":{"rawPosition":[-22.5,-22.5,0,22.5,-22.5,0,-22.5,22.5,0,22.5,22.5,0],"indexes":[0,1,2,2,1,3],"uv":[0,45,45,45,0,0,45,0],"nuv":[0,0,1,0,0,1,1,1],"minPos":{"x":-22.5,"y":-22.5,"z":0},"maxPos":{"x":22.5,"y":22.5,"z":0}},"packable":true,"pixelsToUnit":100,"pivot":{"x":0.5,"y":0.5},"meshType":0}],[1],0,[0],[2],[39]]]]
