[1,["24xBnqY6hOoanQf8RpSJu8@6c48a","868l1cneVFT6X57hZgPmcB","8cRHgv5OJMRKvuOIzFJwC3@f9941","24xBnqY6hOoanQf8RpSJu8@f9941"],["node","_textureSource","root","data","_file","_spriteFrame","spriteFrame"],["cc.SpriteFrame",["cc.Prefab",["_name"],2],["cc.Node",["_name","_mobility","_components","_prefab"],1,9,4],["cc.UITransform",["node","__prefab"],3,1,4],["cc.CompPrefabInfo",["fileId"],2],["cc.ParticleSystem2D",["_name","duration","emissionRate","lifeVar","angle","angleVar","startSize","startSizeVar","endSize","endSizeVar","endSpin","speed","tangentialAccel","tangentialAccelVar","startRadius","autoRemoveOnFinish","_custom","_totalParticles","node","__prefab","posVar","gravity","_endColor","_file","_spriteFrame"],-15,1,4,5,5,5,6,6],["cc.PrefabInfo",["fileId","instance","targetOverrides","nestedPrefabInstanceRoots","root","asset"],-1,1,1],["cc.ParticleAsset",["_name","_native"],1]],[[4,0,2],[1,0,2],[2,0,1,2,3,3],[3,0,1,1],[5,0,1,2,3,4,5,6,7,8,9,10,11,12,13,14,15,16,17,18,19,20,21,22,23,24,19],[6,0,1,2,3,4,5,5],[7,0,1,3]],[[[{"name":"atom","rect":{"x":0,"y":0,"width":31,"height":31},"offset":{"x":0,"y":0},"originalSize":{"width":31,"height":31},"rotated":false,"capInsets":[0,0,0,0],"vertices":{"rawPosition":[-15.5,-15.5,0,15.5,-15.5,0,-15.5,15.5,0,15.5,15.5,0],"indexes":[0,1,2,2,1,3],"uv":[0,31,31,31,0,0,31,0],"nuv":[0,0,1,0,0,1,1,1],"minPos":{"x":-15.5,"y":-15.5,"z":0},"maxPos":{"x":15.5,"y":15.5,"z":0}},"packable":true,"pixelsToUnit":100,"pivot":{"x":0.5,"y":0.5},"meshType":0}],[0],0,[0],[1],[0]],[[[1,"corazones"],[2,"corazones",2,[[3,-2,[0,"6bHSfC7cpA+ah6wx1lPS5B"]],[4,"Node<ParticleSystem2D>",2,50,1.5,0,0,20,200,20,150,180,0,0,7,100,true,true,10,-3,[0,"abv6flsllB2LjfkgxfboH9"],[0,7,7],[0,0,500],[4,4281216767],0,1]],[5,"f1ds3WreFAdJmClJ4jtUCL",null,null,null,-1,0]]],0,[0,2,1,0,0,1,0,0,1,0,3,1,3],[0,0],[4,5],[1,2]],[[[6,"atom",".plist"],-1],0,0,[0],[6],[3]]]]
