[1,["10qiGERGRCV4nWWBXADVYk@6c48a","71oVfsYYdB8qeUl8lQV5Cc@6c48a","95cuZOgVFK5YxEhbv5m+90@6c48a","c5FFvsAXRFoapoU51WXWCH@6c48a"],["_textureSource"],["cc.SpriteFrame"],0,[[[{"name":"Caminata_03","rect":{"x":16,"y":0,"width":32,"height":64},"offset":{"x":0,"y":0},"originalSize":{"width":64,"height":64},"rotated":false,"capInsets":[0,0,0,0],"vertices":{"rawPosition":[-16,-32,0,16,-32,0,-16,32,0,16,32,0],"indexes":[0,1,2,2,1,3],"uv":[16,64,48,64,16,0,48,0],"nuv":[0.25,0,0.75,0,0.25,1,0.75,1],"minPos":{"x":-16,"y":-32,"z":0},"maxPos":{"x":16,"y":32,"z":0}},"packable":true,"pixelsToUnit":100,"pivot":{"x":0.5,"y":0.5},"meshType":0}],[0],0,[0],[0],[0]],[[{"name":"Caminata_05","rect":{"x":14,"y":0,"width":36,"height":64},"offset":{"x":0,"y":0},"originalSize":{"width":64,"height":64},"rotated":false,"capInsets":[0,0,0,0],"vertices":{"rawPosition":[-18,-32,0,18,-32,0,-18,32,0,18,32,0],"indexes":[0,1,2,2,1,3],"uv":[14,64,50,64,14,0,50,0],"nuv":[0.21875,0,0.78125,0,0.21875,1,0.78125,1],"minPos":{"x":-18,"y":-32,"z":0},"maxPos":{"x":18,"y":32,"z":0}},"packable":true,"pixelsToUnit":100,"pivot":{"x":0.5,"y":0.5},"meshType":0}],[0],0,[0],[0],[1]],[[{"name":"Caminata_04","rect":{"x":15,"y":0,"width":34,"height":64},"offset":{"x":0,"y":0},"originalSize":{"width":64,"height":64},"rotated":false,"capInsets":[0,0,0,0],"vertices":{"rawPosition":[-17,-32,0,17,-32,0,-17,32,0,17,32,0],"indexes":[0,1,2,2,1,3],"uv":[15,64,49,64,15,0,49,0],"nuv":[0.234375,0,0.765625,0,0.234375,1,0.765625,1],"minPos":{"x":-17,"y":-32,"z":0},"maxPos":{"x":17,"y":32,"z":0}},"packable":true,"pixelsToUnit":100,"pivot":{"x":0.5,"y":0.5},"meshType":0}],[0],0,[0],[0],[2]],[[{"name":"Caminata_02","rect":{"x":14,"y":0,"width":36,"height":64},"offset":{"x":0,"y":0},"originalSize":{"width":64,"height":64},"rotated":false,"capInsets":[0,0,0,0],"vertices":{"rawPosition":[-18,-32,0,18,-32,0,-18,32,0,18,32,0],"indexes":[0,1,2,2,1,3],"uv":[14,64,50,64,14,0,50,0],"nuv":[0.21875,0,0.78125,0,0.21875,1,0.78125,1],"minPos":{"x":-18,"y":-32,"z":0},"maxPos":{"x":18,"y":32,"z":0}},"packable":true,"pixelsToUnit":100,"pivot":{"x":0.5,"y":0.5},"meshType":0}],[0],0,[0],[0],[3]]]]
